2018-01-06T23:55:05-05:00,Bitcoin Cash Reddit Tip App Users Hacked for Thousands,-1,https://news.bitcoin.com/bitcoin-cash-reddit-tip-app-users-hacked-for-thousands/
2018-01-06T16:36:32-05:00,Trading Tip `The WallÂ´ â Did Ripple Almost Dethrone Bitcoin “Using This One Simple Trick”?,-1,https://news.bitcoin.com/trading-tip-the-wall-did-ripple-almost-dethrone-bitcoin-using-this-one-simple-trick/
2018-01-06T05:55:11-05:00,Former Iced Tea Firm Plans to Mine Bitcoin in the Nordic Region,2,https://news.bitcoin.com/former-iced-tea-firm-plans-to-mine-bitcoin-in-the-nordic-region/
2018-01-06T02:30:00-05:00,United States of Bitcoin: Illinois Gives Crypto Love While Other States Hate,1,https://news.bitcoin.com/united-states-of-bitcoin-illinois-gives-crypto-love-while-other-states-hate/
2018-01-05T23:30:27-05:00,Shapeshift Throws Its Support Behind the Bits Standard for Measuring Bitcoin,1,https://news.bitcoin.com/shapeshift-throws-its-support-behind-the-bits-standard-for-measuring-bitcoin/
2018-01-05T16:30:56-05:00,Report Reveals 18% of Investors Buy Bitcoin With Borrowed Money,-1,https://news.bitcoin.com/report-reveals-18-of-investors-buy-bitcoin-with-borrowed-money/
2018-01-05T15:45:05-05:00,Markets Update: Bitcoin’s Price Re-Captures the $16K Territory,2,https://news.bitcoin.com/markets-update-bitcoins-price-re-captures-the-16k-territory/
2018-01-05T15:00:28-05:00,Mt. Gox Bitcoin Missing In relation to Mysterious Death of Exchange CEO,-2,https://news.bitcoin.com/mt-gox-bitcoin-missing-in-relation-to-mysterious-death-of-exchange-ceo/
2018-01-05T10:57:19-05:00,Iranian Bitcoin Adoption Surges Amid Political Protests and Censorship,2,https://news.bitcoin.com/iranian-bitcoin-adoption-surges-amid-political-protests-censorship/
2018-01-05T05:40:42-05:00,RSK Mines Its Genesis Block – Bitcoin Now Has an Ethereum-Like Smart Contracts Platform,2,https://news.bitcoin.com/rsk-mines-genesis-block-bitcoin-ethereum-like-smart-contract-platform/
2018-01-04T21:01:17-05:00,Canadians Harness Wind to Mine Bitcoin â in Romania,1,https://news.bitcoin.com/canadians-harness-wind-to-mine-bitcoin-in-romania/
2018-01-04T19:35:00-05:00,Fantasy Football Giant Fanduel Launches ‘Bitcoin Bowl’ Contest,2,https://news.bitcoin.com/fantasy-football-giant-fanduel-launches-bitcoin-bowl-contest/
2018-01-04T07:33:13-05:00,Bitcoin Futures Flat as Contracts Move Short and Merrill Lynch Imposes Ban,-2,https://news.bitcoin.com/bitcoin-futures-flat-as-contracts-move-short-and-merrill-lynch-imposes-ban/
2018-01-04T03:30:54-05:00,Austrian Brokerage Service Bitpanda Adds Full Bitcoin Cash Integration,0,https://news.bitcoin.com/austrian-brokerage-service-bitpanda-adds-full-bitcoin-cash-integration/
2018-01-04T02:00:12-05:00,Blockchain Guildâs Community Fund Makes Its First Award for Bitcoin Development,1,https://news.bitcoin.com/blockchain-guilds-community-fund-makes-first-award-bitcoin-development/
2018-01-03T19:55:53-05:00,African Holding Company VP Urges Central Bank to Buy Bitcoin and Ditch Dollar,2,https://news.bitcoin.com/african-holding-company-vp-urges-central-bank-to-buy-bitcoin-and-ditch-dollar/
2018-01-03T18:55:45-05:00,Bitcoin Mining ICO Giga Watt is Being Sued for Securities Fraud,-2,https://news.bitcoin.com/bitcoin-mining-ico-giga-watt-sued-securities-fraud/
2018-01-03T18:25:20-05:00,"Bitcoin Futures Are a Threat to Whole Banking System, Fears ECB Director",-2,https://news.bitcoin.com/bitcoin-futures-are-a-threat-to-whole-banking-system-fears-ecb-director/
2018-01-03T15:30:25-05:00,(Updated) Chinese Central Bank Hosts Closed-Door Meeting on Electricity Usage of Bitcoin Miners,-1,https://news.bitcoin.com/chinese-central-bank-hosts-a-closed-door-meeting-over-electricity-usage-of-bitcoin-miners/
2018-01-03T13:55:59-05:00,Weâve Come A Long Way â Bitcoin Block Zero Was Born Nine Years Ago Today,1,https://news.bitcoin.com/bitcoin-block-zero-was-born-nine-years-ago-today/
2018-01-03T09:30:00-05:00,Bitcoin Fees Are Falling Amidst Greater Segwit Adoption,2,https://news.bitcoin.com/bitcoin-fees-are-falling-amidst-greater-segwit-adoption/
2018-01-03T07:55:53-05:00,Rising Ripple Threatens to Usurp Bitcoin and Usher In âThe Rippeningâ,-2,https://news.bitcoin.com/rising-ripple-threatens-usurp-bitcoin-ushering-rippening/
2018-01-03T06:25:33-05:00,Gavin Andresen Drops A New Concept On Github for Bitcoin Cash,0,https://news.bitcoin.com/gavin-andresen-drops-a-new-concept-on-github-for-bitcoin-cash/
2018-01-03T03:30:22-05:00,From Mansions to Prisons: Bitcoin and Real-Estate Doesn’t Mix So Well,-2,https://news.bitcoin.com/from-mansions-to-prisons-bitcoin-and-real-estate-doesnt-mix-so-well/
2018-01-03T02:00:01-05:00,New Code Release Means Bitcoin Cash Addresses Are Just Around the Corner,0,https://news.bitcoin.com/new-code-release-means-bitcoin-cash-addresses-are-just-around-the-corner/
2018-01-02T23:19:41-05:00,"Peter Thiel, Bitcoin Astronaut, Moves Markets with Crypto Moonshot",2,https://news.bitcoin.com/96286-2/
2018-01-02T16:30:45-05:00,Bitcoin Adoption in Africa Hinders EAC Plans for a Unified Currency,0,https://news.bitcoin.com/bitcoin-adoption-in-africa-hinders-the-eac-plans-for-a-unified-currency/
2018-01-02T13:00:04-05:00,"Bitcoin Cash Used to Pay for Music Records, Gift Cards, Plastic Surgery",0,https://news.bitcoin.com/bitcoin-cash-used-to-pay-for-music-records-gift-cards-plastic-surgery/
2018-01-02T03:30:21-05:00,Convenience Stores and Pawn Shops See Foot Traffic from Bitcoin ATMs,1,https://news.bitcoin.com/convenience-stores-and-pawn-shops-see-foot-traffic-from-bitcoin-atms/
2018-01-02T01:30:37-05:00,The Bitcoin Exchange That Once Dominated China Is Heading to Japan,0,https://news.bitcoin.com/the-bitcoin-exchange-that-once-dominated-china-is-heading-to-japan/
2018-01-01T21:30:48-05:00,Japanâs GDP Grows Due to Bitcoin Wealth Effect,2,https://news.bitcoin.com/japans-gdp-grows-due-to-bitcoin-wealth-effect/
2018-01-01T14:29:36-05:00,Public Firm Faces Class Action Lawsuit for Falsely Claiming Link to Bitcoin,-2,https://news.bitcoin.com/public-firm-faces-class-action-lawsuit-for-falsely-claiming-link-to-bitcoin/
2018-01-01T13:30:43-05:00,PR: Gambling Affiliate Site Bonus.ca Joins the Bitcoin Community,1,https://news.bitcoin.com/pr-gambling-affiliate-site-bonus-ca-joins-the-bitcoin-community/
2018-01-01T12:55:29-05:00,Localbitcoincash.org Plans to Add Zero-Fee BCH-Based ‘Shapeshifting’ Trades,0,https://news.bitcoin.com/localbitcoincash-org-plans-to-add-zero-fee-bch-based-shapeshifting-trades/
2018-01-01T10:02:56-05:00,Bank of England Could Issue âBitcoin-style Digital Currencyâ in 2018,2,https://news.bitcoin.com/bank-of-england-could-issue-bitcoin-style-digital-currency-by-2018/
2017-12-31T21:00:20-05:00,Pineapple Fund Donates $5 Million in Bitcoin as Seed Capital for the Poor,2,https://news.bitcoin.com/pineapple-fund-donates-5-million-in-bitcoin-as-seed-capital-for-the-poor/
2017-12-31T17:00:22-05:00,"2017: The Year of Altcoins, Forks, and Five Digit Bitcoin Prices",1,https://news.bitcoin.com/2017-the-year-of-altcoins-forks-and-five-digit-bitcoin-prices/
2017-12-31T12:30:14-05:00,This Week in Bitcoin: The Bitcoin Fork Tsunami Gives Way to a Ripple,0,https://news.bitcoin.com/this-week-in-bitcoin-the-bitcoin-fork-tsunami-gives-way-to-a-ripple/
2017-12-31T10:52:47-05:00,First Real Bitcoin Lightning Network Payment Completed via Bitrefill,2,https://news.bitcoin.com/first-real-bitcoin-lightning-network-payment-completed-via-bitrefill/
2017-12-31T05:00:07-05:00,CME Launches Bitcoin Futures Trading Simulator,1,https://news.bitcoin.com/cme-launches-bitcoin-futures-trading-simulator/
2017-12-30T21:55:39-05:00,Is the Centralized Ripple Database With the Biggest Pre-Mine Really a Bitcoin Competitor?,0,https://news.bitcoin.com/is-the-centralized-ripple-database-with-the-biggest-pre-mine-really-a-bitcoin-competitor/
2017-12-30T12:00:59-05:00,Trading Tip `The WallÂ´ â Absurd Profits from Zclassic a.k.a. Bitcoin Private,0,https://news.bitcoin.com/trading-tip-the-wall-absurd-profits-from-zclassic-a-k-a-bitcoin-private/
2017-12-30T06:00:10-05:00,Australian Freeze: Big Aussie Banks Denying Bitcoiners,-2,https://news.bitcoin.com/australian-freeze-big-aussie-banks-denying-bitcoiners/
2017-12-29T22:05:40-05:00,Thailand’s Year of Bitcoin Ends with Central Bank Education Push,2,https://news.bitcoin.com/thailands-year-of-bitcoin-ends-with-central-bank-education-push/
2017-12-29T20:00:43-05:00,Japan Approves New Bitcoin Exchange as Adoption Grows and Peers Expand Overseas,2,https://news.bitcoin.com/japan-approves-new-bitcoin-exchange-adoption-grows-peers-expand-overseas/
2017-12-29T17:31:07-05:00,Singapore Judge Dismisses $43M High Profile Bitcoin Case,2,https://news.bitcoin.com/singapore-judge-dismisses-43m-high-profile-bitcoin-case/
2017-12-29T12:01:37-05:00,Trumpâs New Tax Bill Means Changes Ahead for U.S. Bitcoiners,0,https://news.bitcoin.com/trumps-new-tax-bill-means-changes-ahead-for-us-bitcoiners/
2017-12-29T05:30:12-05:00,PR: Propyâs New Launch: It Is Now Possible to Buy Properties in the US for Bitcoin,2,https://news.bitcoin.com/pr-propys-new-launch-it-is-now-possible-to-buy-properties-in-the-us-for-bitcoin/
2017-12-29T04:40:38-05:00,The Greatest Bitcoin Memes of 2017,0,https://news.bitcoin.com/greatest-bitcoin-memes-2017/
2017-12-29T02:30:55-05:00,While Bitcoin Trades Above $19K In India â Tax Officials Are Snooping for Gains,1,https://news.bitcoin.com/while-bitcoin-trades-above-19k-in-india-tax-officials-are-snooping-for-gains/
2017-12-28T13:30:18-05:00,"PR: mBit Casino Adds Litecoin, Bitcoin Cash and Dogecoin",0,https://news.bitcoin.com/pr-mbit-casino-adds-litecoin-bitcoin-cash-and-dogecoin/
2017-12-28T09:30:16-05:00,Crypto-Community Grows Skeptical of Bitcoin Forks,-1,https://news.bitcoin.com/crypto-community-grows-skeptical-of-bitcoin-forks/
2017-12-28T05:00:52-05:00,The North American Bitcoin Conference Returns to Miami Bigger Than Ever,2,https://news.bitcoin.com/the-north-american-bitcoin-conference-returns-to-miami-bigger-than-ever/
2017-12-27T23:55:04-05:00,EU Central Banker: âStop Calling the Bitcoin a Coinâ,-1,https://news.bitcoin.com/eu-central-banker-stop-calling-the-bitcoin-a-coin/
2017-12-27T22:00:30-05:00,Israeli Regulator Investigating Public “Bitcoin” Company for False Claims,-2,https://news.bitcoin.com/israeli-regulator-investigating-public-bitcoin-company-false-claims/
2017-12-27T20:00:03-05:00,How a 2014 Bitcoin Project Will Pay an Alaskan Schoolgirl’s College,2,https://news.bitcoin.com/how-a-2014-bitcoin-project-will-pay-an-alaskan-schoolgirls-college/
2017-12-27T14:00:00-05:00,Bitpay Starts Implementing Bitcoin Payment Protocol Invoices Decreasing Wallet Support,1,https://news.bitcoin.com/bitpay-starts-implementing-bitcoin-payment-protocol-invoices-decreasing-wallet-support/
2017-12-27T10:54:27-05:00,Indian Entrepreneurs Rush to Launch Crypto Companies Following Bitcoin Boom,2,https://news.bitcoin.com/indian-entrepreneurs-launch-crypto-companies-bitcoin-boom/
2017-12-27T09:05:46-05:00,Former FDIC Chair Sheila Bair on Bitcoin: “Value â Like Beauty â Is in the Eye of Beholder”,-1,https://news.bitcoin.com/former-fdic-chair-sheila-bair-on-bitcoin-value-like-beauty-is-in-the-eye-of-beholder/
2017-12-27T07:55:18-05:00,Several Bitcoin Exchanges Are Closing Their Doors to New Traders,-2,https://news.bitcoin.com/bitcoin-exchanges-closing-doors-new-traders/
2017-12-27T03:35:38-05:00,Major Korean Banks Drop Bitcoin Point Swap Services,-2,https://news.bitcoin.com/korean-banks-bitcoin-point-swap-services/
2017-12-26T22:35:49-05:00,EU Finance Commissioner: âNo Plans to React to Bitcoinâ,0,https://news.bitcoin.com/eu-finance-commissioner-the-political-body-has-no-plans-to-react-to-bitcoin/
2017-12-26T21:05:40-05:00,"Twenty Years Ago, Two Men Predicted Bitcoin",0,https://news.bitcoin.com/twenty-years-ago-two-men-predicted-bitcoin/
2017-12-26T19:30:13-05:00,Indian Police Forces Break up Gang Preying on Bitcoin Investors,2,https://news.bitcoin.com/indian-police-forces-break-up-gang-praying-on-bitcoin-investors/
2017-12-26T15:00:27-05:00,Opera Browser to Include Built-In Anti-Bitcoin Mining Feature,1,https://news.bitcoin.com/opera-browser-include-built-anti-bitcoin-mining-feature/
2017-12-26T10:30:10-05:00,Fidelity Investments Charitable Collected $22 Million in Bitcoin this Year,2,https://news.bitcoin.com/fidelity-investments-charitable-collected-22-million-in-bitcoin-this-year/
2017-12-26T06:12:57-05:00,Classic Mainstream Media Clickbait Scare Resurfaces: âChinese Government Can Take Over Bitcoinâ,-1,https://news.bitcoin.com/another-mainstream-media-clickbait-scare-chinese-government-can-take-over-bitcoin/
2017-12-26T05:55:02-05:00,Chinese Programmer Arrested Over Â¥20 Million Bitcoin Theft,-2,https://news.bitcoin.com/chinese-programmer-arrested-over-%c2%a520-million-bitcoin-theft/
2017-12-26T04:00:51-05:00,South Korean Prosecutor Fights to Confiscate Bitcoins from Criminal Proceeds,-1,https://news.bitcoin.com/south-korean-prosecutor-confiscate-bitcoins-criminal-proceeds/
2017-12-26T02:20:10-05:00,"Faced With Never Owning a Whole Bitcoin, Investors Are Turning to Altcoins",0,https://news.bitcoin.com/faced-never-owning-whole-bitcoin-investors-turning-altcoins/
2017-12-25T14:15:17-05:00,Markets Update: Bitcoin Price Moves Sideways During the Holiday Lull,0,https://news.bitcoin.com/markets-update-bitcoin-price-moves-sideways-during-the-holiday-lull/
2017-12-25T13:55:19-05:00,Hit BTC Introduces Deposit Charges to Deal With High Bitcoin Fees,-1,https://news.bitcoin.com/hit-btc-introduces-deposit-charges-to-deal-with-high-bitcoin-fees/
2017-12-25T09:05:16-05:00,Vietnam Investigates Merchants for Accepting Bitcoin Despite Warnings,-1,https://news.bitcoin.com/vietnam-investigates-merchants-accepting-bitcoin-warnings/
2017-12-25T06:50:28-05:00,UK Garbageman Now Accepts Bitcoin Payments,2,https://news.bitcoin.com/uk-garbageman-now-accepts-bitcoin-payments/
2017-12-24T11:54:19-05:00,This Week in Bitcoin: Markets Wobble While Fees Keep Soaring,-2,https://news.bitcoin.com/this-week-in-bitcoin-markets-wobble-while-fees-keep-soaring/
2017-12-24T07:35:17-05:00,People Keep Sending Satoshi Nakamoto Bitcoin,0,https://news.bitcoin.com/people-keep-sending-satoshi-nakamoto-bitcoin/
2017-12-24T05:55:32-05:00,Bitcoin Network Fees Are Irritating Cryptocurrency Proponents,-2,https://news.bitcoin.com/bitcoin-network-fees-are-irritating-cryptocurrency-proponents/
2017-12-23T17:00:47-05:00,Unusual Bitcoin Charts to Feast Your Eyes On,0,https://news.bitcoin.com/unusual-bitcoin-charts-to-feast-your-eyes-on/
2017-12-23T14:10:50-05:00,Five Ways for the Ultra-Paranoid to Store Their Bitcoin,0,https://news.bitcoin.com/five-ways-ultra-paranoid-store-bitcoin/
2017-12-23T11:00:22-05:00,The Satoshi Revolution – Chapter 3: Wall Streeting Bitcoin (Part 5),2,https://news.bitcoin.com/the-satoshi-revolution-chapter-3-wall-streeting-bitcoin-part-5/
2017-12-23T08:30:40-05:00,Options Giant Cboe Applies for Six Bitcoin-Based ETFs,2,https://news.bitcoin.com/options-giant-cboe-applies-for-six-bitcoin-based-etfs/
2017-12-23T07:48:44-05:00,Data Over Drama: Bitcoin Cash Versus Bitcoin Core Transactions,0,https://news.bitcoin.com/data-over-drama-bitcoin-cash-versus-bitcoin-core-transactions/
2017-12-23T02:55:34-05:00,A New Line of Sex Toys Lets You ‘Get Off’ With the Price of Bitcoin,2,https://news.bitcoin.com/a-new-line-of-sex-toys-lets-you-get-off-with-the-price-of-bitcoin/
2017-12-22T22:30:09-05:00,Michael Novogratz: “Bitcoin May Dip to $8K” â Puts Crypto-Hedge Fund on Hiatus,-2,https://news.bitcoin.com/michael-novogratz-bitcoin-may-dip-to-8k-puts-crypto-hedge-fund-on-hiatus/
2017-12-22T12:00:52-05:00,Indian Couple Asked to Be Gifted Bitcoin at Wedding,1,https://news.bitcoin.com/indian-couple-asked-gifted-bitcoin-wedding/
2017-12-22T11:10:33-05:00,A Ledger X Bitcoin Contract is Still Pegged for $50K Amid This Week’s Price Decline,-1,https://news.bitcoin.com/a-ledger-x-bitcoin-contract-is-pegged-for-50k-amid-this-weeks-price-decline/
2017-12-22T10:30:32-05:00,Etrade Joins Increasingly Crowded Bitcoin Futures Market,2,https://news.bitcoin.com/etrade-joins-increasingly-crowded-bitcoin-futures-market/
2017-12-22T02:35:04-05:00,Bitcoin Crashes! Bitcoinâs Dead! Bitcoinâs Over! Or Is It? A Brief History of Deaths,-2,https://news.bitcoin.com/bitcoin-crashes-bitcoins-dead-bitcoins-over-a-brief-history/
2017-12-22T01:20:54-05:00,Forum Wars: r/btc Mod Hacked and r/Bitcoin Continues to Censor,0,https://news.bitcoin.com/forum-wars-rbtc-mod-hacked-and-rbitcoin-continues-to-censor/
2017-12-21T12:41:37-05:00,Markets Update: Bitcoin Price Continues to Feel Bearish Sentiment,-2,https://news.bitcoin.com/markets-update-bitcoin-price-continues-to-feel-bearish-sentiment/
2017-12-21T09:25:15-05:00,These Are The Five Cheapest US States for Bitcoin Mining,1,https://news.bitcoin.com/these-are-the-five-cheapest-us-states-for-bitcoin-mining/
2017-12-21T07:55:14-05:00,Rule Change Could Allow Listing Bitcoin Futures as Exchange Traded Funds,2,https://news.bitcoin.com/rule-change-allow-listing-bitcoin-futures-exchange-traded-fund/
2017-12-21T07:00:42-05:00,"Two Weeks After Losing $60 Million in Bitcoin, Nicehash Is Back",-1,https://news.bitcoin.com/two-weeks-after-losing-60-million-in-bitcoin-nicehash-are-back/
2017-12-21T06:40:18-05:00,Market Optimism Declines as Bitcoin Futures Euphoria Ends,-2,https://news.bitcoin.com/market-optimism-declines-as-bitcoin-futures-euphoria-ends/
2017-12-20T22:30:37-05:00,The Philippine Central Bank Considers Regulation Standards for Bitcoin,1,https://news.bitcoin.com/the-philippines-central-bank-considers-regulation-standards-for-bitcoin/
2017-12-20T19:00:57-05:00,"The Worldâs First Bitcoin Lottery is Offering a 1,000 BTC Bounty",2,https://news.bitcoin.com/worlds-first-bitcoin-lottery-offering-1000-btc-bounty/
2017-12-20T17:58:06-05:00,"Bitcoin Cash Embassy to Open in Limassol, Cyprus",0,https://news.bitcoin.com/bitcoin-cash-embassy-open-limassol-cyprus/
2017-12-20T15:55:47-05:00,Markets Update: Bitcoin Cash Rallies to $4000 â While BTC Markets Dip,-1,https://news.bitcoin.com/markets-update-bitcoin-cash-rallies-to-4000-while-btc-markets-dip/
2017-12-20T14:55:35-05:00,Japanese Internet Giant GMO Launches Bitcoin Mining Business,2,https://news.bitcoin.com/japanese-internet-giant-gmo-launches-mining-business/
2017-12-20T11:25:38-05:00,The Bitcoin Cash Community Prepares for ‘Change the Address Day’,0,https://news.bitcoin.com/bitcoin-cash-community-prepares-for-change-the-address-day/
2017-12-20T08:25:23-05:00,Nigeria Experiences Spike in Bitcoin Adoption,2,https://news.bitcoin.com/nigeria-experience-spike-bitcoin-adoption/
2017-12-20T04:00:11-05:00,“Bitcoin” And “Mining” Dominate Google Searches as Ukraine Closes in on Legalisation,2,https://news.bitcoin.com/bitcoin-and-mining-dominate-google-searches-as-ukraine-closes-in-on-legalisation/
2017-12-20T02:30:53-05:00,New Chain Platform Ivy Brings Smart Contracts to Bitcoin,2,https://news.bitcoin.com/new-chain-platform-ivy-brings-smart-contracts-to-bitcoin/
2017-12-20T00:48:51-05:00,Bitcoin Cash Jumps 70% as Coinbase and Gdax Announce Immediate Trading,1,https://news.bitcoin.com/bitcoin-cash-jumps-70-as-coinbase-and-gdax-announce-immediate-trading/
2017-12-19T23:55:59-05:00,Bitcoin Glossary: Youâve Heard of Crypto Mania â Now Say Hello to Cryptophasia,0,https://news.bitcoin.com/bitcoin-glossary-youve-heard-of-crypto-mania-now-say-hello-to-cryptophasia/
2017-12-19T22:30:26-05:00,2018 Pyeongchang United States Olympic Luge Team to Accept Bitcoin Donations,2,https://news.bitcoin.com/2018-pyeongchang-united-states-olympic-luge-team-to-accept-bitcoin-donations/
2017-12-19T16:05:12-05:00,"âFake Satoshiâ Dorian Nakamoto is Probably $273,000 Richer After Selling His Bitcoins",0,https://news.bitcoin.com/fake-satoshi-dorian-nakamoto-273000-richer-selling-bitcoins/
2017-12-19T14:30:19-05:00,Legendary Investor Bill Miller Now Holds Half His Hedge Fund in Bitcoin,2,https://news.bitcoin.com/legendary-investor-bill-miller-now-holds-half-his-hedge-fund-in-bitcoin/
2017-12-19T09:58:41-05:00,US Blames Bitcoin Ransomware Attack Wannacry on North Korea,-2,https://news.bitcoin.com/us-blames-bitcoin-ransomware-attack-wannacry-on-north-korea/
2017-12-19T05:55:06-05:00,"Indiaâs Crypto Crackdown: Wealthy Bitcoiners Targeted, Start-Ups Scrutinized",-2,https://news.bitcoin.com/indias-crypto-crackdown-wealthy-bitcoiners-targeted-start-ups-scrutinized/
2017-12-19T04:30:21-05:00,Zerolink Invites Users to Test its Anonymous Bitcoin Coinjoin Mixer,0,https://news.bitcoin.com/zerolink-invites-users-to-test-its-anonymous-bitcoin-coinjoin-mixer/
2017-12-19T02:39:53-05:00,Major Japanese Automotive Group and Dealerships Embracing Bitcoin,2,https://news.bitcoin.com/major-japanese-automotive-group-and-dealerships-embracing-bitcoin/
2017-12-18T22:53:54-05:00,Thomson Reuters Adds Bitcoin Cash to Eikon Platform,0,https://news.bitcoin.com/thomson-reuters-adds-bitcoin-cash-to-eikon-platform/
2017-12-18T18:51:10-05:00,Fifteen Ways to Donate Bitcoin to Charity This Holiday Season,0,https://news.bitcoin.com/fifteen-ways-to-donate-bitcoin-to-charity-this-season/